Ref,Val,Package,PosX,PosY,Rot,Side
"C1","22pF","C_0603_1608Metric",53.787500,-84.125000,90.000000,top
"C2","22pF","C_0603_1608Metric",59.837500,-85.575000,90.000000,top
"C3","2.2uF","C_0805_2012Metric_Pad1.18x1.45mm_HandSolder",84.662500,-76.520000,90.000000,top
"C4",".1uF","C_0603_1608Metric_Pad1.08x0.95mm_HandSolder",81.752500,-81.127500,90.000000,top
"C5","22uF","C_0603_1608Metric_Pad1.08x0.95mm_HandSolder",80.002500,-81.127500,-90.000000,top
"C6","2.2uF","C_0805_2012Metric_Pad1.18x1.45mm_HandSolder",85.000000,-64.687500,90.000000,top
"C7",".1uF","C_0603_1608Metric_Pad1.08x0.95mm_HandSolder",82.030000,-69.557500,90.000000,top
"C8","22uF","C_0603_1608Metric_Pad1.08x0.95mm_HandSolder",80.330000,-69.557500,-90.000000,top
"C9",".1uF","C_0603_1608Metric",101.045000,-75.770000,180.000000,top
"C10",".1uF","C_0603_1608Metric",119.525000,-78.250000,0.000000,top
"C11","22pF","C_0603_1608Metric",101.020200,-77.382000,180.000000,top
"C12","22pF","C_0603_1608Metric",98.970000,-83.325000,-90.000000,top
"C13",".1uF","C_0603_1608Metric",101.015000,-74.000000,180.000000,top
"C14",".1uF","C_0603_1608Metric",117.450000,-83.925000,-90.000000,top
"C15",".1uF","C_0603_1608Metric",57.437500,-75.075000,90.000000,top
"C16","1nF","C_0603_1608Metric",133.150000,-62.635000,90.000000,top
"C17","10uF 50V","C_0805_2012Metric",101.185000,-64.130000,0.000000,top
"C18",".1uF","C_0603_1608Metric",101.165000,-66.380000,0.000000,top
"C19","1n","C_0603_1608Metric",101.145000,-68.460000,0.000000,top
"C20",".1uF","C_0603_1608Metric",105.000000,-69.250000,0.000000,top
"C21",".1uF","C_0603_1608Metric",113.750000,-68.525000,90.000000,top
"C22",".1uF","C_0603_1608Metric",151.730119,-43.089000,-90.000000,top
"C23",".1uF","C_0603_1608Metric",148.230119,-43.089000,-90.000000,top
"C24",".1uF","C_0603_1608Metric",144.730119,-43.089000,-90.000000,top
"C25",".1uF","C_0603_1608Metric",141.230119,-43.089000,-90.000000,top
"C26",".1uF","C_0603_1608Metric",127.450119,-43.089000,-90.000000,top
"C27",".1uF","C_0603_1608Metric",123.950119,-43.089000,-90.000000,top
"C28",".1uF","C_0603_1608Metric",120.450119,-43.089000,-90.000000,top
"C29",".1uF","C_0603_1608Metric",116.950119,-43.089000,-90.000000,top
"C30",".1uF","C_0603_1608Metric",103.190000,-43.089000,-90.000000,top
"C31",".1uF","C_0603_1608Metric",99.690000,-43.089000,-90.000000,top
"C32",".1uF","C_0603_1608Metric",96.190000,-43.089000,-90.000000,top
"C33",".1uF","C_0603_1608Metric",166.050119,-43.089000,-90.000000,top
"C34",".1uF","C_0603_1608Metric",169.210119,-43.089000,-90.000000,top
"C35",".1uF","C_0603_1608Metric",172.440119,-43.089000,-90.000000,top
"C36",".1uF","C_0603_1608Metric",175.650119,-43.089000,-90.000000,top
"C37",".1uF","C_0603_1608Metric",50.990119,-43.089000,-90.000000,top
"C38",".1uF","C_0603_1608Metric",54.440119,-43.089000,-90.000000,top
"C39",".1uF","C_0603_1608Metric",68.230000,-43.089000,-90.000000,top
"C40",".1uF","C_0603_1608Metric",71.780000,-43.089000,-90.000000,top
"C41",".1uF","C_0603_1608Metric",75.370000,-43.089000,-90.000000,top
"C42",".1uF","C_0603_1608Metric",78.740000,-43.089000,-90.000000,top
"C43",".1uF","C_0603_1608Metric",92.690000,-43.089000,-90.000000,top
"C44","100uF 50V","CP_Elec_8x10",54.500000,-103.500000,0.000000,top
"C45","100uF 50V","CP_Elec_8x10",65.500000,-103.500000,0.000000,top
"C46","2.2uF 50V","C_0805_2012Metric_Pad1.18x1.45mm_HandSolder",49.550000,-111.600000,0.000000,top
"C47",".1uF 50V","C_0805_2012Metric_Pad1.18x1.45mm_HandSolder",49.550000,-109.400000,0.000000,top
"C48",".1uF","C_0603_1608Metric_Pad1.08x0.95mm_HandSolder",170.343400,-117.269200,-90.000000,top
"C49",".1uF","C_0603_1608Metric_Pad1.08x0.95mm_HandSolder",151.534600,-117.297900,-90.000000,top
"C50","22nF","C_0603_1608Metric_Pad1.08x0.95mm_HandSolder",164.174400,-112.503500,-90.000000,top
"C51",".1uF","C_0603_1608Metric_Pad1.08x0.95mm_HandSolder",168.805100,-108.510200,0.000000,top
"C52","100nF 16V","C_0603_1608Metric_Pad1.08x0.95mm_HandSolder",165.026400,-116.060500,-90.000000,top
"C53","22nF","C_0603_1608Metric_Pad1.08x0.95mm_HandSolder",182.827400,-112.509700,-90.000000,top
"C54","100nF 16V","C_0603_1608Metric_Pad1.08x0.95mm_HandSolder",182.827400,-116.014900,-90.000000,top
"C55","100nF 50V","C_0603_1608Metric_Pad1.08x0.95mm_HandSolder",182.821000,-119.545801,-90.000000,top
"C56","100nF 50V","C_0603_1608Metric_Pad1.08x0.95mm_HandSolder",165.026400,-119.591100,-90.000000,top
"C57",".1uF","C_0603_1608Metric_Pad1.08x0.95mm_HandSolder",86.750000,-101.337500,-90.000000,top
"C58",".1uF","C_0603_1608Metric_Pad1.08x0.95mm_HandSolder",104.764611,-101.137500,-90.000000,top
"C59",".1uF","C_0603_1608Metric_Pad1.08x0.95mm_HandSolder",122.000000,-101.437500,-90.000000,top
"C60",".1uF","C_0603_1608Metric_Pad1.08x0.95mm_HandSolder",139.900000,-101.657500,-90.000000,top
"C61",".1uF","C_0603_1608Metric_Pad1.08x0.95mm_HandSolder",96.740000,-116.800000,-90.000000,top
"C62",".1uF","C_0603_1608Metric_Pad1.08x0.95mm_HandSolder",87.990000,-116.800000,-90.000000,top
"C63",".1uF","C_0603_1608Metric_Pad1.08x0.95mm_HandSolder",114.370000,-116.800000,-90.000000,top
"C64",".1uF","C_0603_1608Metric_Pad1.08x0.95mm_HandSolder",105.550000,-116.800000,-90.000000,top
"C65",".1uF","C_0603_1608Metric_Pad1.08x0.95mm_HandSolder",131.900000,-116.800000,-90.000000,top
"C66",".1uF","C_0603_1608Metric_Pad1.08x0.95mm_HandSolder",123.120000,-116.800000,-90.000000,top
"C67",".1uF","C_0603_1608Metric_Pad1.08x0.95mm_HandSolder",147.348000,-118.510500,-90.000000,top
"C68",".1uF","C_0603_1608Metric_Pad1.08x0.95mm_HandSolder",140.680000,-116.800000,-90.000000,top
"C69","10nF","C_0603_1608Metric",145.282500,-72.560000,0.000000,top
"C70","10nF","C_0603_1608Metric",145.198750,-82.065000,0.000000,top
"C71",".1uF","C_0603_1608Metric",119.525000,-76.450000,0.000000,top
"C72",".1uF","C_0603_1608Metric",110.913200,-69.203200,90.000000,top
"C73",".1uF","C_0603_1608Metric",108.800000,-85.825000,180.000000,top
"D1","BAT54C","SOT-23",120.437500,-62.650000,180.000000,top
"D2","B560C","D_SMC",83.560000,-111.130000,90.000000,top
"D3","BAT54C","SOT-23",126.150000,-62.750000,180.000000,top
"D4","B560C","D_SMC",92.354286,-111.130000,90.000000,top
"D5","BZX384C6V8","D_SOD-323",127.250000,-95.850000,180.000000,top
"D6","SMDJ24A","D_SMC",43.850000,-113.350000,-90.000000,top
"D7","B340","D_SMC",94.250000,-65.950000,180.000000,top
"D8","B560C","D_SMC",109.942857,-111.130000,90.000000,top
"D9","B560C","D_SMC",101.148571,-111.130000,90.000000,top
"D10","B560C","D_SMC",127.531429,-111.130000,90.000000,top
"D11","B560C","D_SMC",118.737143,-111.130000,90.000000,top
"D12","B560C","D_SMC",145.120000,-111.130000,90.000000,top
"D13","B560C","D_SMC",136.325714,-111.130000,90.000000,top
"D14","LED","LED_0603_1608Metric",151.390119,-48.084000,-90.000000,top
"D15","LED","LED_0603_1608Metric",147.995357,-48.084000,-90.000000,top
"D16","LED","LED_0603_1608Metric",144.600595,-48.084000,-90.000000,top
"D17","LED","LED_0603_1608Metric",141.205833,-48.084000,-90.000000,top
"D18","LED","LED_0603_1608Metric",176.084404,-48.084000,-90.000000,top
"D19","LED","LED_0603_1608Metric",172.689642,-48.084000,-90.000000,top
"D20","LED","LED_0603_1608Metric",169.294881,-48.084000,-90.000000,top
"D21","LED","LED_0603_1608Metric",165.900119,-48.084000,-90.000000,top
"D22","LED","LED_0603_1608Metric",127.199524,-48.084000,-90.000000,top
"D23","LED","LED_0603_1608Metric",123.804762,-48.084000,-90.000000,top
"D24","LED","LED_0603_1608Metric",120.410000,-48.084000,-90.000000,top
"D25","LED","LED_0603_1608Metric",117.015238,-48.084000,-90.000000,top
"D26","LED","LED_0603_1608Metric",102.604286,-48.084000,-90.000000,top
"D27","LED","LED_0603_1608Metric",99.209524,-48.084000,-90.000000,top
"D28","LED","LED_0603_1608Metric",95.814762,-48.084000,-90.000000,top
"D29","LED","LED_0603_1608Metric",92.420000,-48.084000,-90.000000,top
"D30","LED","LED_0603_1608Metric",78.820000,-48.084000,-90.000000,top
"D31","LED","LED_0603_1608Metric",75.425238,-48.084000,-90.000000,top
"D32","LED","LED_0603_1608Metric",72.030476,-48.084000,-90.000000,top
"D33","LED","LED_0603_1608Metric",68.635714,-48.084000,-90.000000,top
"D34","LED","LED_0603_1608Metric",54.464881,-48.084000,-90.000000,top
"D35","LED","LED_0603_1608Metric",51.070119,-48.084000,-90.000000,top
"D36","LED","LED_0603_1608Metric",61.267143,-117.000000,90.000000,top
"D37","LED","LED_0603_1608Metric",63.144286,-117.000000,90.000000,top
"D38","LED","LED_0603_1608Metric",64.994286,-117.000000,90.000000,top
"D39","LED","LED_0603_1608Metric",66.844286,-117.000000,90.000000,top
"D40","LED","LED_0603_1608Metric",68.712857,-117.000000,90.000000,top
"D41","LED","LED_0603_1608Metric",70.634286,-117.000000,90.000000,top
"D42","LED","LED_0603_1608Metric",72.444286,-117.000000,90.000000,top
"D43","LED","LED_0603_1608Metric",74.394286,-117.000000,90.000000,top
"D44","1N4148W","D_SOD-123",148.483750,-75.380000,-90.000000,top
"D45","LED","LED_0603_1608Metric",155.017500,-78.047500,-90.000000,top
"D46","1N4148W","D_SOD-123",148.737500,-84.907500,-90.000000,top
"D47","LED","LED_0603_1608Metric",155.523750,-87.552500,-90.000000,top
"D48","SP0502BAHT","SOT-23",162.200000,-80.390000,0.000000,top
"F1","10-20A","Fuseholder_Blade_Mini_Keystone_3568",34.150000,-118.060000,90.000000,top
"F2","Polyfuse","Fuse_1206_3216Metric",137.620119,-40.744000,90.000000,top
"F3","Polyfuse","Fuse_1206_3216Metric",162.000119,-40.744000,90.000000,top
"F4","Polyfuse","Fuse_1206_3216Metric",113.300119,-40.744000,90.000000,top
"F6","Polyfuse","Fuse_1206_3216Metric",89.310000,-40.744000,90.000000,top
"F7","Polyfuse","Fuse_1206_3216Metric",64.620000,-40.744000,90.000000,top
"F8","Polyfuse","Fuse_1206_3216Metric",47.560119,-40.744000,90.000000,top
"H1","MountingHole_Pad","MountingHole_3.2mm_M3_DIN965_Pad_TopBottom",35.000000,-125.000000,0.000000,top
"H2","MountingHole_Pad","MountingHole_3.2mm_M3_DIN965_Pad_TopBottom",35.000000,-35.000000,0.000000,top
"H3","MountingHole_Pad","MountingHole_3.2mm_M3_DIN965_Pad_TopBottom",185.000000,-35.000000,0.000000,top
"H4","MountingHole_Pad","MountingHole_3.2mm_M3_DIN965_Pad_TopBottom",185.000000,-125.000000,0.000000,top
"J1","AVR-ISP-6","PinHeader_2x03_P2.54mm_Vertical_SMD",122.625000,-70.140000,0.000000,top
"J3","Screw_Terminal_01x06","PhoenixContact_MSTBA_2,5_6-G-5,08_1x06_P5.08mm_Horizontal",80.750000,-126.000000,0.000000,top
"J4","Screw_Terminal_01x04","PhoenixContact_MSTBA_2,5_4-G-5,08_1x04_P5.08mm_Horizontal",35.000000,-71.580000,-90.000000,top
"J5","Screw_Terminal_01x06","PhoenixContact_MSTBA_2,5_6-G-5,08_1x06_P5.08mm_Horizontal",115.820000,-126.000000,0.000000,top
"J6","Screw_Terminal_01x06","PhoenixContact_MSTBA_2,5_6-G-5,08_1x06_P5.08mm_Horizontal",150.890000,-126.000000,0.000000,top
"J9","Screw_Terminal_01x06","PhoenixContact_MC_1,5_6-G-3.5_1x06_P3.50mm_Horizontal",151.707119,-35.000000,180.000000,top
"J10","Screw_Terminal_01x06","PhoenixContact_MC_1,5_6-G-3.5_1x06_P3.50mm_Horizontal",176.005119,-35.000000,180.000000,top
"J14","Screw_Terminal_01x04","PhoenixContact_MC_1,5_4-G-3.5_1x04_P3.50mm_Horizontal",54.515119,-35.000000,180.000000,top
"J15","Screw_Terminal_01x04","PhoenixContact_MSTBA_2,5_4-G-5,08_1x04_P5.08mm_Horizontal",47.510000,-126.000000,0.000000,top
"J16","Screw_Terminal_01x06","PhoenixContact_MC_1,5_6-G-3.5_1x06_P3.50mm_Horizontal",127.409119,-35.000000,180.000000,top
"J18","Screw_Terminal_01x06","PhoenixContact_MC_1,5_6-G-3.5_1x06_P3.50mm_Horizontal",103.111119,-35.000000,180.000000,top
"J19","Screw_Terminal_01x06","PhoenixContact_MC_1,5_6-G-3.5_1x06_P3.50mm_Horizontal",78.813119,-35.000000,180.000000,top
"J20","UART","PinHeader_1x06_P2.54mm_Vertical_SMD_Pin1Right",167.800000,-77.850000,0.000000,top
"L1","6.8uH","L_Sunlord_SWPA4030S",80.400000,-77.100000,90.000000,top
"L2","18uH","L_Sunlord_SWPA4030S",79.600000,-65.600000,180.000000,top
"L3","10uH","C_0603_1608Metric",122.425000,-77.300000,90.000000,top
"Q3","2N7002","SOT-23",152.130000,-75.357500,0.000000,top
"Q4","2N7002","SOT-23",152.771250,-84.885000,0.000000,top
"R1","10k","R_0603_1608Metric_Pad0.98x0.95mm_HandSolder",59.587500,-75.037500,-90.000000,top
"R2","120","R_0603_1608Metric_Pad0.98x0.95mm_HandSolder",39.450000,-73.862500,-90.000000,top
"R3","51k","R_0603_1608Metric_Pad0.98x0.95mm_HandSolder",83.965000,-83.940000,0.000000,top
"R4","22.1k","R_0603_1608Metric_Pad0.98x0.95mm_HandSolder",88.065000,-83.940000,180.000000,top
"R5","88.7k","R_0603_1608Metric_Pad0.98x0.95mm_HandSolder",83.512500,-72.275000,0.000000,top
"R6","22.1k","R_0603_1608Metric_Pad0.98x0.95mm_HandSolder",88.387500,-72.245000,180.000000,top
"R7","10k","R_0603_1608Metric_Pad0.98x0.95mm_HandSolder",100.856700,-72.302000,0.000000,top
"R8","330","R_0603_1608Metric_Pad0.98x0.95mm_HandSolder",94.287500,-71.680001,180.000000,top
"R9","4.7k","R_0603_1608Metric",80.470000,-93.190000,-90.000000,top
"R10","4.7k","R_0603_1608Metric",82.160000,-93.190000,-90.000000,top
"R11","4.7k","R_0603_1608Metric",83.860000,-93.190000,-90.000000,top
"R12","4.7k","R_0603_1608Metric",85.590000,-93.185000,-90.000000,top
"R13","4.7k","R_0603_1608Metric",98.704611,-93.025000,-90.000000,top
"R14","4.7k","R_0603_1608Metric",100.410000,-92.994999,-90.000000,top
"R15","4.7k","R_0603_1608Metric",102.100000,-92.994999,-90.000000,top
"R16","4.7k","R_0603_1608Metric",103.780000,-92.964999,-90.000000,top
"R17","4.7k","R_0603_1608Metric",114.986666,-92.785000,-90.000000,top
"R18","4.7k","R_0603_1608Metric",116.843333,-92.785000,-90.000000,top
"R19","4.7k","R_0603_1608Metric",118.699999,-92.785000,-90.000000,top
"R20","4.7k","R_0603_1608Metric",120.556666,-92.785000,-90.000000,top
"R21","4.7k","R_0603_1608Metric",133.580000,-92.810000,-90.000000,top
"R22","4.7k","R_0603_1608Metric",135.290000,-92.800000,-90.000000,top
"R23","4.7k","R_0603_1608Metric",137.000000,-92.800000,-90.000000,top
"R24","4.7k","R_0603_1608Metric",138.680000,-92.800000,-90.000000,top
"R25","750","R_0603_1608Metric",126.540000,-99.025000,-90.000000,top
"R26","4.7k","R_0603_1608Metric",128.310000,-99.015000,-90.000000,top
"R27","4.7k","R_0603_1608Metric_Pad0.98x0.95mm_HandSolder",128.300000,-92.687500,-90.000000,top
"R28","10k","R_0603_1608Metric_Pad0.98x0.95mm_HandSolder",107.600000,-53.300000,180.000000,top
"R29","10k","R_0603_1608Metric_Pad0.98x0.95mm_HandSolder",111.900000,-53.300000,0.000000,top
"R30","1k","R_0603_1608Metric_Pad0.98x0.95mm_HandSolder",115.400000,-68.537500,90.000000,top
"R31","100","R_0603_1608Metric_Pad0.98x0.95mm_HandSolder",96.190000,-39.287000,-90.000000,top
"R32","100","R_0603_1608Metric_Pad0.98x0.95mm_HandSolder",99.690000,-39.287000,-90.000000,top
"R33","100","R_0603_1608Metric_Pad0.98x0.95mm_HandSolder",103.190000,-39.287000,-90.000000,top
"R34","100","R_0603_1608Metric_Pad0.98x0.95mm_HandSolder",116.950119,-39.286965,-90.000000,top
"R35","100","R_0603_1608Metric_Pad0.98x0.95mm_HandSolder",120.450119,-39.286965,-90.000000,top
"R36","100","R_0603_1608Metric_Pad0.98x0.95mm_HandSolder",123.950119,-39.286965,-90.000000,top
"R37","100","R_0603_1608Metric_Pad0.98x0.95mm_HandSolder",127.450119,-39.286965,-90.000000,top
"R38","100","R_0603_1608Metric_Pad0.98x0.95mm_HandSolder",141.230119,-39.286965,-90.000000,top
"R39","100","R_0603_1608Metric_Pad0.98x0.95mm_HandSolder",144.730119,-39.286965,-90.000000,top
"R40","100","R_0603_1608Metric_Pad0.98x0.95mm_HandSolder",148.230119,-39.286965,-90.000000,top
"R41","100","R_0603_1608Metric_Pad0.98x0.95mm_HandSolder",151.730119,-39.286965,-90.000000,top
"R42","100","R_0603_1608Metric_Pad0.98x0.95mm_HandSolder",166.046869,-39.286965,-90.000000,top
"R43","100","R_0603_1608Metric_Pad0.98x0.95mm_HandSolder",169.170119,-39.286965,-90.000000,top
"R44","100","R_0603_1608Metric_Pad0.98x0.95mm_HandSolder",172.450119,-39.286965,-90.000000,top
"R45","100","R_0603_1608Metric_Pad0.98x0.95mm_HandSolder",175.640119,-39.286965,-90.000000,top
"R46","100","R_0603_1608Metric_Pad0.98x0.95mm_HandSolder",51.000119,-39.286965,-90.000000,top
"R47","100","R_0603_1608Metric_Pad0.98x0.95mm_HandSolder",54.470119,-39.286965,-90.000000,top
"R48","100","R_0603_1608Metric_Pad0.98x0.95mm_HandSolder",68.310000,-39.287000,-90.000000,top
"R49","100","R_0603_1608Metric_Pad0.98x0.95mm_HandSolder",71.780000,-39.287000,-90.000000,top
"R50","100","R_0603_1608Metric_Pad0.98x0.95mm_HandSolder",75.320000,-39.287000,-90.000000,top
"R51","100","R_0603_1608Metric_Pad0.98x0.95mm_HandSolder",78.680000,-39.287000,-90.000000,top
"R52","100","R_0603_1608Metric_Pad0.98x0.95mm_HandSolder",92.690000,-39.287000,-90.000000,top
"R53","10k","R_0603_1608Metric_Pad0.98x0.95mm_HandSolder",169.300000,-113.487500,-90.000000,top
"R54","16.2k 1%","R_0603_1608Metric_Pad0.98x0.95mm_HandSolder",168.778900,-110.186600,0.000000,top
"R55","10k 1%","R_0603_1608Metric_Pad0.98x0.95mm_HandSolder",164.740300,-109.297600,0.000000,top
"R56","1.5k 1%","R_0603_1608Metric_Pad0.98x0.95mm_HandSolder",168.603400,-117.309200,-90.000000,top
"R57","1.5k 1%","R_0603_1608Metric_Pad0.98x0.95mm_HandSolder",149.909000,-117.300900,-90.000000,top
"R58","NP","R_0603_1608Metric_Pad0.98x0.95mm_HandSolder",156.611600,-110.802699,0.000000,top
"R59","0","R_0603_1608Metric_Pad0.98x0.95mm_HandSolder",160.501600,-110.802699,0.000000,top
"R60","NP","R_0603_1608Metric_Pad0.98x0.95mm_HandSolder",175.493500,-110.715800,0.000000,top
"R61","0","R_0603_1608Metric_Pad0.98x0.95mm_HandSolder",179.083500,-110.715800,0.000000,top
"R62","2.2k","R_1206_3216Metric",151.410119,-52.070000,90.000000,top
"R63","2.2k","R_1206_3216Metric",148.014881,-52.070000,90.000000,top
"R64","2.2k","R_1206_3216Metric",144.619643,-52.070000,90.000000,top
"R65","2.2k","R_1206_3216Metric",141.224405,-52.070000,90.000000,top
"R66","2.2k","R_1206_3216Metric",176.102500,-52.070000,90.000000,top
"R67","2.2k","R_1206_3216Metric",172.707262,-52.070000,90.000000,top
"R68","2.2k","R_1206_3216Metric",169.312023,-52.070000,90.000000,top
"R69","2.2k","R_1206_3216Metric",165.916785,-52.070000,90.000000,top
"R70","2.2k","R_1206_3216Metric",127.215714,-52.070000,90.000000,top
"R71","2.2k","R_1206_3216Metric",123.820476,-52.070000,90.000000,top
"R72","2.2k","R_1206_3216Metric",120.425238,-52.070000,90.000000,top
"R73","2.2k","R_1206_3216Metric",117.030000,-52.070000,90.000000,top
"R74","2.2k","R_1206_3216Metric",102.618572,-52.070000,90.000000,top
"R75","2.2k","R_1206_3216Metric",99.223334,-52.070000,90.000000,top
"R76","2.2k","R_1206_3216Metric",95.828096,-52.070000,90.000000,top
"R77","2.2k","R_1206_3216Metric",92.432858,-52.070000,90.000000,top
"R78","2.2k","R_1206_3216Metric",78.832380,-52.070000,90.000000,top
"R79","2.2k","R_1206_3216Metric",75.437142,-52.070000,90.000000,top
"R80","2.2k","R_1206_3216Metric",72.041904,-52.070000,90.000000,top
"R81","2.2k","R_1206_3216Metric",68.646666,-52.070000,90.000000,top
"R82","2.2k","R_1206_3216Metric",54.475357,-52.070000,90.000000,top
"R83","2.2k","R_1206_3216Metric",51.080119,-52.070000,90.000000,top
"R84","10k","R_0603_1608Metric_Pad0.98x0.95mm_HandSolder",61.294286,-113.700000,-90.000000,top
"R85","10k","R_0603_1608Metric_Pad0.98x0.95mm_HandSolder",63.152143,-113.700000,-90.000000,top
"R86","10k","R_0603_1608Metric_Pad0.98x0.95mm_HandSolder",65.002500,-113.700000,-90.000000,top
"R87","10k","R_0603_1608Metric_Pad0.98x0.95mm_HandSolder",66.840000,-113.700000,-90.000000,top
"R88","10k","R_0603_1608Metric_Pad0.98x0.95mm_HandSolder",68.700000,-113.700000,-90.000000,top
"R89","10k","R_0603_1608Metric_Pad0.98x0.95mm_HandSolder",70.644286,-113.700000,-90.000000,top
"R90","10k","R_0603_1608Metric_Pad0.98x0.95mm_HandSolder",72.427143,-113.700000,-90.000000,top
"R91","10k","R_0603_1608Metric_Pad0.98x0.95mm_HandSolder",74.400000,-113.700000,-90.000000,top
"R92","100k","R_0603_1608Metric_Pad0.98x0.95mm_HandSolder",146.037500,-75.357500,90.000000,top
"R93","330","R_0603_1608Metric_Pad0.98x0.95mm_HandSolder",151.700000,-78.400000,180.000000,top
"R95","100k","R_0603_1608Metric_Pad0.98x0.95mm_HandSolder",145.903750,-84.885000,90.000000,top
"R97","330","R_0603_1608Metric_Pad0.98x0.95mm_HandSolder",151.446250,-88.055000,180.000000,top
"R98","1k","R_0603_1608Metric",158.600000,-79.120000,0.000000,top
"R99","1k","R_0603_1608Metric",158.600000,-81.660000,0.000000,top
"SW1","CHS-01TB","SW_DIP_SPSTx01_Slide_Copal_CHS-01B_W7.62mm_P1.27mm",41.900000,-72.600000,90.000000,top
"SW2","B3U-1000P","SW_SPST_B3U-1000P",94.225000,-74.150000,180.000000,top
"U1","DRV8876","IC_DRV8876PWPR",177.251000,-115.803301,0.000000,top
"U2","ATmega1284P-A","TQFP-44_10x10mm_P0.8mm",110.047500,-77.630001,0.000000,top
"U3","MCP2515","QFN-20-1EP_4x4mm_P0.5mm_EP2.5x2.5mm",57.325000,-79.825000,0.000000,top
"U4","TPS5604","SOT-23-6",84.792500,-80.997500,90.000000,top
"U5","TPS5604","SOT-23-6",85.070000,-69.307500,90.000000,top
"U6","MCP2562-E-MF","DFN-8-1EP_3x3mm_P0.65mm_EP1.6x2.56mm",49.100000,-78.925000,180.000000,top
"U7","MC33978","HSOP-32-1EP_7.5x11mm_P0.65mm_EP4.7x4.7mm",110.300000,-59.800000,180.000000,top
"U8","BTS7008","TSSOP-14-1EP_4.4x5mm_P0.65mm",101.217944,-100.260000,90.000000,top
"U9","BTS7008","TSSOP-14-1EP_4.4x5mm_P0.65mm",118.100000,-100.600000,90.000000,top
"U10","BTS7008","TSSOP-14-1EP_4.4x5mm_P0.65mm",135.960000,-100.570000,90.000000,top
"U11","BTS7008","TSSOP-14-1EP_4.4x5mm_P0.65mm",82.850000,-100.545000,90.000000,top
"U14","DRV8876","IC_DRV8876PWPR",158.646600,-115.890200,0.000000,top
"Y1","16MHz","WE-XTAL_CFPX-180",57.037500,-85.500000,-90.000000,top
"Y2","12MHz","WE-XTAL_CFPX-180",100.240000,-79.810000,0.000000,top
