Designator,Mid X,Mid Y,Layer,Rotation
C1,53.7875mm,-84.1250mm,Top,90
C2,59.8375mm,-85.5750mm,Top,90
C3,84.6625mm,-76.5200mm,Top,90
C4,81.7525mm,-81.1275mm,Top,90
C5,80.0025mm,-81.1275mm,Top,270
C6,85.0000mm,-64.6875mm,Top,90
C7,82.0300mm,-69.5575mm,Top,90
C8,80.3300mm,-69.5575mm,Top,270
C9,101.0450mm,-75.7700mm,Top,180
C10,119.5250mm,-78.2500mm,Top,0
C11,101.0202mm,-77.3820mm,Top,180
C12,98.9700mm,-83.3250mm,Top,270
C13,101.0150mm,-74.0000mm,Top,180
C14,117.4500mm,-83.9250mm,Top,270
C15,57.4375mm,-75.0750mm,Top,90
C16,133.1500mm,-62.6350mm,Top,90
C17,101.1850mm,-64.1300mm,Top,0
C18,101.1650mm,-66.3800mm,Top,0
C19,101.1450mm,-68.4600mm,Top,0
C20,105.0000mm,-69.2500mm,Top,0
C21,113.7500mm,-68.5250mm,Top,90
C22,151.7301mm,-43.0890mm,Top,270
C23,148.2301mm,-43.0890mm,Top,270
C24,144.7301mm,-43.0890mm,Top,270
C25,141.2301mm,-43.0890mm,Top,270
C26,127.4501mm,-43.0890mm,Top,270
C27,123.9501mm,-43.0890mm,Top,270
C28,120.4501mm,-43.0890mm,Top,270
C29,116.9501mm,-43.0890mm,Top,270
C30,103.1900mm,-43.0890mm,Top,270
C31,99.6900mm,-43.0890mm,Top,270
C32,96.1900mm,-43.0890mm,Top,270
C33,166.0501mm,-43.0890mm,Top,270
C34,169.2101mm,-43.0890mm,Top,270
C35,172.4401mm,-43.0890mm,Top,270
C36,175.6501mm,-43.0890mm,Top,270
C37,50.9901mm,-43.0890mm,Top,270
C38,54.4401mm,-43.0890mm,Top,270
C39,68.2300mm,-43.0890mm,Top,270
C40,71.7800mm,-43.0890mm,Top,270
C41,75.3700mm,-43.0890mm,Top,270
C42,78.7400mm,-43.0890mm,Top,270
C43,92.6900mm,-43.0890mm,Top,270
C44,54.5000mm,-103.5000mm,Top,0
C45,65.5000mm,-103.5000mm,Top,0
C46,49.5500mm,-111.6000mm,Top,0
C47,49.5500mm,-109.4000mm,Top,0
C48,170.3434mm,-117.2692mm,Top,270
C49,151.5346mm,-117.2979mm,Top,270
C50,164.1744mm,-112.5035mm,Top,270
C51,168.8051mm,-108.5102mm,Top,0
C52,165.0264mm,-116.0605mm,Top,270
C53,182.8274mm,-112.5097mm,Top,270
C54,182.8274mm,-116.0149mm,Top,270
C55,182.8210mm,-119.5458mm,Top,270
C56,165.0264mm,-119.5911mm,Top,270
C57,86.7500mm,-101.3375mm,Top,270
C58,104.7646mm,-101.1375mm,Top,270
C59,122.0000mm,-101.4375mm,Top,270
C60,139.9000mm,-101.6575mm,Top,270
C61,96.7400mm,-116.8000mm,Top,270
C62,87.9900mm,-116.8000mm,Top,270
C63,114.3700mm,-116.8000mm,Top,270
C64,105.5500mm,-116.8000mm,Top,270
C65,131.9000mm,-116.8000mm,Top,270
C66,123.1200mm,-116.8000mm,Top,270
C67,147.3480mm,-118.5105mm,Top,270
C68,140.6800mm,-116.8000mm,Top,270
C69,145.2825mm,-72.5600mm,Top,0
C70,145.1987mm,-82.0650mm,Top,0
C71,119.5250mm,-76.4500mm,Top,0
C72,110.9132mm,-69.2032mm,Top,90
C73,108.8000mm,-85.8250mm,Top,180
D1,120.4375mm,-62.6500mm,Top,0
D2,83.5600mm,-111.1300mm,Top,90
D3,126.1500mm,-62.7500mm,Top,0
D4,92.3543mm,-111.1300mm,Top,90
D5,127.2500mm,-95.8500mm,Top,180
D6,43.8500mm,-113.3500mm,Top,270
D7,94.2500mm,-65.9500mm,Top,180
D8,109.9429mm,-111.1300mm,Top,90
D9,101.1486mm,-111.1300mm,Top,90
D10,127.5314mm,-111.1300mm,Top,90
D11,118.7371mm,-111.1300mm,Top,90
D12,145.1200mm,-111.1300mm,Top,90
D13,136.3257mm,-111.1300mm,Top,90
D14,151.3901mm,-48.0840mm,Top,270
D15,147.9954mm,-48.0840mm,Top,270
D16,144.6006mm,-48.0840mm,Top,270
D17,141.2058mm,-48.0840mm,Top,270
D18,176.0844mm,-48.0840mm,Top,270
D19,172.6896mm,-48.0840mm,Top,270
D20,169.2949mm,-48.0840mm,Top,270
D21,165.9001mm,-48.0840mm,Top,270
D22,127.1995mm,-48.0840mm,Top,270
D23,123.8048mm,-48.0840mm,Top,270
D24,120.4100mm,-48.0840mm,Top,270
D25,117.0152mm,-48.0840mm,Top,270
D26,102.6043mm,-48.0840mm,Top,270
D27,99.2095mm,-48.0840mm,Top,270
D28,95.8148mm,-48.0840mm,Top,270
D29,92.4200mm,-48.0840mm,Top,270
D30,78.8200mm,-48.0840mm,Top,270
D31,75.4252mm,-48.0840mm,Top,270
D32,72.0305mm,-48.0840mm,Top,270
D33,68.6357mm,-48.0840mm,Top,270
D34,54.4649mm,-48.0840mm,Top,270
D35,51.0701mm,-48.0840mm,Top,270
D36,61.2671mm,-117.0000mm,Top,90
D37,63.1443mm,-117.0000mm,Top,90
D38,64.9943mm,-117.0000mm,Top,90
D39,66.8443mm,-117.0000mm,Top,90
D40,68.7129mm,-117.0000mm,Top,90
D41,70.6343mm,-117.0000mm,Top,90
D42,72.4443mm,-117.0000mm,Top,90
D43,74.3943mm,-117.0000mm,Top,90
D44,148.4837mm,-75.3800mm,Top,270
D45,155.0175mm,-78.0475mm,Top,270
D46,148.7375mm,-84.9075mm,Top,270
D47,155.5238mm,-87.5525mm,Top,270
D48,162.2000mm,-80.3900mm,Top,180
F2,137.6201mm,-40.7440mm,Top,90
F3,162.0001mm,-40.7440mm,Top,90
F4,113.3001mm,-40.7440mm,Top,90
F6,89.3100mm,-40.7440mm,Top,90
F7,64.6200mm,-40.7440mm,Top,90
F8,47.5601mm,-40.7440mm,Top,90
J1,122.6250mm,-70.1400mm,Top,90
J20,167.8000mm,-77.8500mm,Top,90
L1,80.4000mm,-77.1000mm,Top,90
L2,79.6000mm,-65.6000mm,Top,180
L3,122.4250mm,-77.3000mm,Top,90
Q3,152.1300mm,-75.3575mm,Top,180
Q4,152.7713mm,-84.8850mm,Top,180
R1,59.5875mm,-75.0375mm,Top,270
R2,39.4500mm,-73.8625mm,Top,270
R3,83.9650mm,-83.9400mm,Top,0
R4,88.0650mm,-83.9400mm,Top,180
R5,83.5125mm,-72.2750mm,Top,0
R6,88.3875mm,-72.2450mm,Top,180
R7,100.8567mm,-72.3020mm,Top,0
R8,94.2875mm,-71.6800mm,Top,180
R9,80.4700mm,-93.1900mm,Top,270
R10,82.1600mm,-93.1900mm,Top,270
R11,83.8600mm,-93.1900mm,Top,270
R12,85.5900mm,-93.1850mm,Top,270
R13,98.7046mm,-93.0250mm,Top,270
R14,100.4100mm,-92.9950mm,Top,270
R15,102.1000mm,-92.9950mm,Top,270
R16,103.7800mm,-92.9650mm,Top,270
R17,114.9867mm,-92.7850mm,Top,270
R18,116.8433mm,-92.7850mm,Top,270
R19,118.7000mm,-92.7850mm,Top,270
R20,120.5567mm,-92.7850mm,Top,270
R21,133.5800mm,-92.8100mm,Top,270
R22,135.2900mm,-92.8000mm,Top,270
R23,137.0000mm,-92.8000mm,Top,270
R24,138.6800mm,-92.8000mm,Top,270
R25,126.5400mm,-99.0250mm,Top,270
R26,128.3100mm,-99.0150mm,Top,270
R27,128.3000mm,-92.6875mm,Top,270
R28,107.6000mm,-53.3000mm,Top,180
R29,111.9000mm,-53.3000mm,Top,0
R30,115.4000mm,-68.5375mm,Top,90
R31,96.1900mm,-39.2870mm,Top,270
R32,99.6900mm,-39.2870mm,Top,270
R33,103.1900mm,-39.2870mm,Top,270
R34,116.9501mm,-39.2870mm,Top,270
R35,120.4501mm,-39.2870mm,Top,270
R36,123.9501mm,-39.2870mm,Top,270
R37,127.4501mm,-39.2870mm,Top,270
R38,141.2301mm,-39.2870mm,Top,270
R39,144.7301mm,-39.2870mm,Top,270
R40,148.2301mm,-39.2870mm,Top,270
R41,151.7301mm,-39.2870mm,Top,270
R42,166.0469mm,-39.2870mm,Top,270
R43,169.1701mm,-39.2870mm,Top,270
R44,172.4501mm,-39.2870mm,Top,270
R45,175.6401mm,-39.2870mm,Top,270
R46,51.0001mm,-39.2870mm,Top,270
R47,54.4701mm,-39.2870mm,Top,270
R48,68.3100mm,-39.2870mm,Top,270
R49,71.7800mm,-39.2870mm,Top,270
R50,75.3200mm,-39.2870mm,Top,270
R51,78.6800mm,-39.2870mm,Top,270
R52,92.6900mm,-39.2870mm,Top,270
R53,169.3000mm,-113.4875mm,Top,270
R54,168.7789mm,-110.1866mm,Top,0
R55,164.7403mm,-109.2976mm,Top,0
R56,168.6034mm,-117.3092mm,Top,270
R57,149.9090mm,-117.3009mm,Top,270
R59,160.5016mm,-110.8027mm,Top,0
R61,179.0835mm,-110.7158mm,Top,0
R62,151.4101mm,-52.0700mm,Top,90
R63,148.0149mm,-52.0700mm,Top,90
R64,144.6196mm,-52.0700mm,Top,90
R65,141.2244mm,-52.0700mm,Top,90
R66,176.1025mm,-52.0700mm,Top,90
R67,172.7073mm,-52.0700mm,Top,90
R68,169.3120mm,-52.0700mm,Top,90
R69,165.9168mm,-52.0700mm,Top,90
R70,127.2157mm,-52.0700mm,Top,90
R71,123.8205mm,-52.0700mm,Top,90
R72,120.4252mm,-52.0700mm,Top,90
R73,117.0300mm,-52.0700mm,Top,90
R74,102.6186mm,-52.0700mm,Top,90
R75,99.2233mm,-52.0700mm,Top,90
R76,95.8281mm,-52.0700mm,Top,90
R77,92.4329mm,-52.0700mm,Top,90
R78,78.8324mm,-52.0700mm,Top,90
R79,75.4371mm,-52.0700mm,Top,90
R80,72.0419mm,-52.0700mm,Top,90
R81,68.6467mm,-52.0700mm,Top,90
R82,54.4754mm,-52.0700mm,Top,90
R83,51.0801mm,-52.0700mm,Top,90
R84,61.2943mm,-113.7000mm,Top,270
R85,63.1521mm,-113.7000mm,Top,270
R86,65.0025mm,-113.7000mm,Top,270
R87,66.8400mm,-113.7000mm,Top,270
R88,68.7000mm,-113.7000mm,Top,270
R89,70.6443mm,-113.7000mm,Top,270
R90,72.4271mm,-113.7000mm,Top,270
R91,74.4000mm,-113.7000mm,Top,270
R92,146.0375mm,-75.3575mm,Top,90
R93,151.7000mm,-78.4000mm,Top,180
R95,145.9038mm,-84.8850mm,Top,90
R97,151.4462mm,-88.0550mm,Top,180
R98,158.6000mm,-79.1200mm,Top,0
R99,158.6000mm,-81.6600mm,Top,0
SW1,41.9000mm,-72.6000mm,Top,0
SW2,94.2250mm,-74.1500mm,Top,180
U1,177.2510mm,-115.8033mm,Top,270
U2,110.0475mm,-77.6300mm,Top,270
U3,57.3250mm,-79.8250mm,Top,0
U4,84.7925mm,-80.9975mm,Top,0
U5,85.0700mm,-69.3075mm,Top,0
U6,49.1000mm,-78.9250mm,Top,90
U7,110.3000mm,-59.8000mm,Top,90
U8,101.2179mm,-100.2600mm,Top,0
U9,118.1000mm,-100.6000mm,Top,0
U10,135.9600mm,-100.5700mm,Top,0
U11,82.8500mm,-100.5450mm,Top,0
U14,158.6466mm,-115.8902mm,Top,270
Y1,57.0375mm,-85.5000mm,Top,270
Y2,100.2400mm,-79.8100mm,Top,0
