Comment,Designator,Footprint,LCSC Part #
CL10C220JB8NNNC,"C1,C2,C11,C12",C_0603_1608Metric,C1653
CL21A225KBQNNNE,"C3,C6,C46",C_0805_2012Metric,C377773
CC0603KRX7R9BB104,"C4,C7,C9,C10,C13,C14,C15,C18,C20,C21,C22,C23,C24,C25,C26,C27,C28,C29,C30,C31,C32,C33,C34,C35,C36,C37,C38,C39,C40,C41,C42,C43,C48,C49,C51,C52,C54,C55,C56,C57,C58,C59,C60,C61,C62,C63,C64,C65,C66,C67,C68,C71,C72,C73",C_0603_1608Metric,C14663
CL10A226MP8NUNE,"C5,C8",C_0603_1608Metric,C86295
CL10B102KB8NNNC,"C16,C19",C_0603_1608Metric,C1588
GRM21BR61H106KE43L,C17,C_0805_2012Metric,C440198
RVT100UF50V67RV0040,"C44,C45",CP_Elec_8x10,C2836439
CC0805KRX7R9BB104,C47,C_0805_2012Metric,C49678
CL10B223KB8NNNC,"C50,C53",C_0603_1608Metric,C21122
0603B103K500NT,"C69,C70",C_0603_1608Metric,C57112
BAT54C,"D1,D3",SOT-23,C22466350
B560C,"D2,D4,D7,D8,D9,D10,D11,D12,D13",D_SMC,C6807784
BZX384C6V8-E3-08,D5,D_SOD-323,C5358882
SMDJ24A,D6,D_SMC,C42371717
KT-0603R,"D14,D15,D16,D17,D18,D19,D20,D21,D22,D23,D24,D25,D26,D27,D28,D29,D30,D31,D32,D33,D34,D35,D36,D37,D38,D39,D40,D41,D42,D43,D45,D47",LED_0603_1608Metric,C2286
1N4148W,"D44,D46",D_SOD-123,C81598
SP0502BAHTG,D48,SOT-23,C207261
1206L020/30YR,"F2,F3,F4,F6,F7,F8",Fuse_1206_3216Metric,C3761078
1010301726,J1,PinHeader_2x03_P2.54mm_Vertical_SMD,C52016780
HX PZ2.54-1x6P TP-YQ,J20,PinHeader_1x06_P2.54mm_Vertical_SMD,C41417363
SWPA4030S6R8MT,L1,L_Sunlord_SWPA4030S,C62684
SWPA4030S180MT,L2,L_Sunlord_SWPA4030S,C96895
SDFL1608S100KTF,L3,C_0603_1608Metric,C1035
2N7002,"Q3,Q4",SOT-23,C8545
0603WAF1002T5E,"R1,R7,R28,R29,R53,R55,R84,R85,R86,R87,R88,R89,R90,R91",R_0603_1608Metric,C25804
0603WAF1200T5E,R2,R_0603_1608Metric,C22787
0603WAF5102T5E,R3,R_0603_1608Metric,C23196
FRC0603F2212TS,"R4,R6",R_0603_1608Metric,C2960862
FRC0603F8872TS,R5,R_0603_1608Metric,C2999456
0603WAF3300T5E,"R8,R93,R97",R_0603_1608Metric,C23138
0603WAF4701T5E,"R9,R10,R11,R12,R13,R14,R15,R16,R17,R18,R19,R20,R21,R22,R23,R24,R26,R27",R_0603_1608Metric,C23162
0603WAF7500T5E,R25,R_0603_1608Metric,C23241
0603WAF1001T5E,"R30,R98,R99",R_0603_1608Metric,C21190
0603WAF1000T5E,"R31,R32,R33,R34,R35,R36,R37,R38,R39,R40,R41,R42,R43,R44,R45,R46,R47,R48,R49,R50,R51,R52",R_0603_1608Metric,C22775
FRC0603F1622TS,R54,R_0603_1608Metric,C2933154
0603WAF1501T5E,"R56,R57",R_0603_1608Metric,C22843
0603WAF0000T5E,"R59,R61",R_0603_1608Metric,C21189
FRC1206F2201TS,"R62,R63,R64,R65,R66,R67,R68,R69,R70,R71,R72,R73,R74,R75,R76,R77,R78,R79,R80,R81,R82,R83",R_1206_3216Metric,C2930413
0603WAF1003T5E,"R92,R95",R_0603_1608Metric,C25803
CHS-01TB,SW1,SW_DIP_SPSTx01_Slide_Copal_CHS-01B_W7.62mm_P1.27mm,C2680613
B3U-1000P,SW2,SW_SPST_B3U-1000P,C231329
DRV8876PWPR,"U1,U14",IC_DRV8876PWPR,C575551
ATMEGA1284P-AU,U2,TQFP-44_10x10mm_P0.8mm,C33575
MCP2515T-I/ML,U3,QFN-20-1EP_4x4mm_P0.5mm_EP2.5x2.5mm,C96140
TPS560430XDBVR,"U4,U5",SOT-23-6,C524782
MCP2562-E/MF,U6,DFN-8-1EP_3x3mm_P0.65mm_EP1.6x2.56mm,C635113
MC33978AEKR2,U7,HSOP-32-1EP_7.5x11mm_P0.65mm_EP4.7x4.7mm,C782282
BTS7008-2EPA,"U8,U9,U10,U11",TSSOP-14-1EP_4.4x5mm_P0.65mm,C534830
NX3225SA-16MHz-STD-CSR-6,Y1,WE-XTAL_CFPX-180,C880097
12MHz 9pF SMD3225,Y2,WE-XTAL_CFPX-180,C55155400
